{
"lengthUnit": "mil",
"components": {
	"fields": ["COMPONENT_NO", "COMPONENT_NAME", "LAYER", "X_COORDINATE", "Y_COORDINATE", "ANGLE"],
	"rows": [
		[1, "16Mhz", "B", 455, -1505, 45],
		[2, "16MhzN1", "B", 110, -2275, 270],
		[3, "32Mhz", "B", 1330, -710, 90],
		[4, "AMS1117-5.0", "B", 1287.86, -2254.01, 0],
		[5, "AT24C3M", "B", 1125, -335, 270],
		[6, "ATMEGA328P", "T", 425, -805, 45],
		[7, "AU5790D", "T", 320, -2490, 270],
		[8, "BT1", "T", 1110, -2125, 90],
		[9, "C1", "B", 1121.48, -499.61, 180],
		[10, "C2", "B", 1120, -585, 180],
		[11, "C3", "B", 229.6, -580.32, 270],
		[12, "C4", "T", 415, -1365, 45],
		[13, "C5", "T", 315, -1465, 45],
		[14, "C6", "B", 1450, -2210, 90],
		[15, "C20", "T", 82.3, -2425.02, 0],
		[16, "C21", "T", 80, -2130, 0],
		[17, "C22", "T", 691.25, -2563.38, 270],
		[18, "C23", "T", 1826.4, -2594.48, 180],
		[19, "C24", "T", 1830, -2660, 0],
		[20, "C25", "T", 1590, -2660, 90],
		[21, "C26", "T", 1710, -2660, 90],
		[22, "C27", "B", 1110, -2070, 0],
		[23, "D2", "B", 1935, -2105, 90],
		[24, "DS1307Z", "B", 1120, -760, 270],
		[25, "FPC1", "B", 525, -2460, 180],
		[26, "H1", "T", 125, -980, 270],
		[27, "H2", "T", 720, -980, 270],
		[28, "INPUT", "T", 1635, -1990, 90],
		[29, "L1", "T", 1480, -2580, 225],
		[30, "MC14066", "B", 475, -1940, 180],
		[31, "MCP2515", "T", 375, -2065, 270],
		[32, "R2", "B", 856.48, -888.99, 90],
		[33, "R3", "B", 1445, -1015, 90],
		[34, "R4", "B", 1445, -840, 90],
		[35, "R6", "B", 1115, -950, 180],
		[36, "R8", "B", 860, -715, 270],
		[37, "R20", "T", 563.23, -2672.52, 0],
		[38, "R21", "B", 105, -1815, 270],
		[39, "R23", "B", 914.05, -2071.43, 0],
		[40, "R24", "B", 1513.09, -1405.96, 270],
		[41, "R25", "B", 640, -2280, 0],
		[42, "R26", "B", 1510, -1230, 270],
		[43, "R27", "B", 470, -2280, 0],
		[44, "SUBDISPLAY", "T", 1625, -760, 90]
	]
},
"pins": {
	"fields": ["PIN_NO", "PIN_NAME", "PIN_X", "PIN_Y", "LAYER", "PIN_TYPE", "NET_NAME", "NET_TYPE", "PAD_SHAPE", "PAD_SIZEX", "PAD_SIZEY", "HOLE_SIZE", "PAD_ANGLE"],
	"rows": [
		[1, "16Mhz_1", 387.07, -1572.92, "T", "DIP", "OSC1", "", "R", 59.05, 59.05, 35.43, 45],
		[2, "16Mhz_1", 387.07, -1572.92, "B", "DIP", "OSC1", "", "R", 59.05, 59.05, 35.43, 45],
		[3, "16Mhz_2", 522.93, -1437.08, "T", "DIP", "OSC2", "", "C", 59.05, 59.05, 35.43, 45],
		[4, "16Mhz_2", 522.93, -1437.08, "B", "DIP", "OSC2", "", "C", 59.05, 59.05, 35.43, 45],
		[5, "16MhzN1_1", 110, -2178.94, "T", "DIP", "CANOSC2", "", "R", 59.05, 59.05, 35.43, 270],
		[6, "16MhzN1_1", 110, -2178.94, "B", "DIP", "CANOSC2", "", "R", 59.05, 59.05, 35.43, 270],
		[7, "16MhzN1_2", 110, -2371.06, "T", "DIP", "CANOSC1", "", "C", 59.05, 59.05, 35.43, 270],
		[8, "16MhzN1_2", 110, -2371.06, "B", "DIP", "CANOSC1", "", "C", 59.05, 59.05, 35.43, 270],
		[9, "32Mhz_1", 1330, -731.65, "T", "DIP", "$1N15", "", "C", 31.5, 31.5, 19.69, 90],
		[10, "32Mhz_1", 1330, -731.65, "B", "DIP", "$1N15", "", "C", 31.5, 31.5, 19.69, 90],
		[11, "32Mhz_2", 1330, -688.35, "T", "DIP", "$1N14", "", "C", 31.5, 31.5, 19.69, 90],
		[12, "32Mhz_2", 1330, -688.35, "B", "DIP", "$1N14", "", "C", 31.5, 31.5, 19.69, 90],
		[13, "AMS1117-5.0_1", 1404.79, -2163.46, "B", "SMD", "GND", "GND", "R", 98.42, 43.31, 0, 180],
		[14, "AMS1117-5.0_2", 1404.79, -2254.01, "B", "SMD", "+5V", "", "R", 98.42, 43.31, 0, 180],
		[15, "AMS1117-5.0_3", 1404.79, -2344.56, "B", "SMD", "12V", "", "R", 98.42, 43.31, 0, 180],
		[16, "AMS1117-5.0_4", 1170.93, -2254.01, "B", "SMD", "+5V", "", "R", 92.13, 141.73, 0, 180],
		[17, "AT24C3M_1", 1230.61, -260, "B", "SMD", "GND", "GND", "O", 24.8, 73.42, 0, 270],
		[18, "AT24C3M_2", 1230.61, -310, "B", "SMD", "GND", "GND", "O", 24.8, 73.42, 0, 270],
		[19, "AT24C3M_3", 1230.61, -360, "B", "SMD", "GND", "GND", "O", 24.8, 73.42, 0, 270],
		[20, "AT24C3M_4", 1230.61, -410, "B", "SMD", "GND", "GND", "O", 24.8, 73.42, 0, 270],
		[21, "AT24C3M_5", 1019.39, -410, "B", "SMD", "A4", "", "O", 24.8, 73.42, 0, 270],
		[22, "AT24C3M_6", 1019.39, -360, "B", "SMD", "A5", "", "O", 24.8, 73.42, 0, 270],
		[23, "AT24C3M_7", 1019.39, -310, "B", "SMD", "GND", "GND", "O", 24.8, 73.42, 0, 270],
		[24, "AT24C3M_8", 1019.39, -260, "B", "SMD", "+5V", "", "O", 24.8, 73.42, 0, 270],
		[25, "ATMEGA328P_1", 468.67, -1004.57, "T", "SMD", "D3", "", "O", 17.72, 64.96, 0, 225],
		[26, "ATMEGA328P_2", 490.94, -982.3, "T", "SMD", "D4", "", "O", 17.72, 64.96, 0, 225],
		[27, "ATMEGA328P_3", 513.22, -960.03, "T", "SMD", "GND", "GND", "O", 17.72, 64.96, 0, 225],
		[28, "ATMEGA328P_4", 535.49, -937.76, "T", "SMD", "+5V", "", "O", 17.72, 64.96, 0, 225],
		[29, "ATMEGA328P_5", 557.76, -915.49, "T", "SMD", "GND", "GND", "O", 17.72, 64.96, 0, 225],
		[30, "ATMEGA328P_6", 580.03, -893.22, "T", "SMD", "+5V", "", "O", 17.72, 64.96, 0, 225],
		[31, "ATMEGA328P_7", 602.3, -870.94, "T", "SMD", "OSC1", "", "O", 17.72, 64.96, 0, 225],
		[32, "ATMEGA328P_8", 624.57, -848.67, "T", "SMD", "OSC2", "", "O", 17.72, 64.96, 0, 225],
		[33, "ATMEGA328P_9", 624.93, -760.98, "T", "SMD", "D5", "", "O", 64.96, 17.72, 0, 225],
		[34, "ATMEGA328P_10", 602.65, -738.7, "T", "SMD", "D6", "", "O", 64.96, 17.72, 0, 225],
		[35, "ATMEGA328P_11", 580.38, -716.43, "T", "SMD", "D7", "", "O", 64.96, 17.72, 0, 225],
		[36, "ATMEGA328P_12", 558.11, -694.16, "T", "SMD", "D8", "", "O", 64.96, 17.72, 0, 225],
		[37, "ATMEGA328P_13", 535.84, -671.89, "T", "SMD", "D9", "", "O", 64.96, 17.72, 0, 225],
		[38, "ATMEGA328P_14", 513.57, -649.62, "T", "SMD", "D10", "", "O", 64.96, 17.72, 0, 225],
		[39, "ATMEGA328P_15", 491.3, -627.35, "T", "SMD", "D11", "", "O", 64.96, 17.72, 0, 225],
		[40, "ATMEGA328P_16", 469.02, -605.07, "T", "SMD", "D12", "", "O", 64.96, 17.72, 0, 225],
		[41, "ATMEGA328P_17", 381.33, -605.43, "T", "SMD", "D13", "", "O", 17.72, 64.96, 0, 225],
		[42, "ATMEGA328P_18", 359.06, -627.7, "T", "SMD", "+5V", "", "O", 17.72, 64.96, 0, 225],
		[43, "ATMEGA328P_19", 336.78, -649.97, "T", "SMD", "A6", "", "O", 17.72, 64.96, 0, 225],
		[44, "ATMEGA328P_20", 314.51, -672.24, "T", "SMD", "AREF", "", "O", 17.72, 64.96, 0, 225],
		[45, "ATMEGA328P_21", 292.24, -694.51, "T", "SMD", "GND", "GND", "O", 17.72, 64.96, 0, 225],
		[46, "ATMEGA328P_22", 269.97, -716.78, "T", "SMD", "A7", "", "O", 17.72, 64.96, 0, 225],
		[47, "ATMEGA328P_23", 247.7, -739.06, "T", "SMD", "A0", "", "O", 17.72, 64.96, 0, 225],
		[48, "ATMEGA328P_24", 225.43, -761.33, "T", "SMD", "A1", "", "O", 17.72, 64.96, 0, 225],
		[49, "ATMEGA328P_25", 225.07, -849.02, "T", "SMD", "A2", "", "O", 64.96, 17.72, 0, 225],
		[50, "ATMEGA328P_26", 247.35, -871.3, "T", "SMD", "A3", "", "O", 64.96, 17.72, 0, 225],
		[51, "ATMEGA328P_27", 269.62, -893.57, "T", "SMD", "A4", "", "O", 64.96, 17.72, 0, 225],
		[52, "ATMEGA328P_28", 291.89, -915.84, "T", "SMD", "A5", "", "O", 64.96, 17.72, 0, 225],
		[53, "ATMEGA328P_29", 314.16, -938.11, "T", "SMD", "RST", "", "O", 64.96, 17.72, 0, 225],
		[54, "ATMEGA328P_30", 336.43, -960.38, "T", "SMD", "RXD", "", "O", 64.96, 17.72, 0, 225],
		[55, "ATMEGA328P_31", 358.7, -982.65, "T", "SMD", "TXD", "", "O", 64.96, 17.72, 0, 225],
		[56, "ATMEGA328P_32", 380.98, -1004.93, "T", "SMD", "D2", "", "O", 64.96, 17.72, 0, 225],
		[57, "AU5790D_1", 395, -2371, "T", "SMD", "TXCAN", "", "O", 27.56, 86.61, 0, 0],
		[58, "AU5790D_2", 345, -2371, "T", "SMD", "D6", "", "O", 27.56, 86.61, 0, 0],
		[59, "AU5790D_3", 295, -2371, "T", "SMD", "D7", "", "O", 27.56, 86.61, 0, 0],
		[60, "AU5790D_4", 245, -2371, "T", "SMD", "RXCAN", "", "O", 27.56, 86.61, 0, 0],
		[61, "AU5790D_5", 245, -2609, "T", "SMD", "12V", "", "O", 27.56, 86.61, 0, 0],
		[62, "AU5790D_6", 295, -2609, "T", "SMD", "$1N10617", "", "O", 27.56, 86.61, 0, 0],
		[63, "AU5790D_7", 345, -2609, "T", "SMD", "$1N10623", "", "O", 27.56, 86.61, 0, 0],
		[64, "AU5790D_8", 395, -2609, "T", "SMD", "GND", "GND", "O", 27.56, 86.61, 0, 0],
		[65, "BT1_1", 1110, -1731.3, "T", "DIP", "$1N17", "", "C", 70.87, 70.87, 47.24, 90],
		[66, "BT1_1", 1110, -1731.3, "B", "DIP", "$1N17", "", "C", 70.87, 70.87, 47.24, 90],
		[67, "BT1_2", 1110, -2518.7, "T", "DIP", "GND", "GND", "C", 70.87, 70.87, 47.24, 90],
		[68, "BT1_2", 1110, -2518.7, "B", "DIP", "GND", "GND", "C", 70.87, 70.87, 47.24, 90],
		[69, "C1_1", 1162.03, -499.61, "B", "SMD", "GND", "GND", "R", 55.51, 53.15, 0, 180],
		[70, "C1_2", 1080.93, -499.61, "B", "SMD", "+5V", "", "R", 55.51, 53.15, 0, 180],
		[71, "C2_1", 1160.55, -585, "B", "SMD", "GND", "GND", "R", 55.51, 53.15, 0, 180],
		[72, "C2_2", 1079.45, -585, "B", "SMD", "+5V", "", "R", 55.51, 53.15, 0, 180],
		[73, "C3_1", 229.6, -539.77, "B", "SMD", "AREF", "", "R", 55.51, 53.15, 0, 270],
		[74, "C3_2", 229.6, -620.87, "B", "SMD", "GND", "GND", "R", 55.51, 53.15, 0, 270],
		[75, "C4_1", 395.51, -1384.49, "T", "SMD", "GND", "GND", "R", 31.5, 35.43, 0, 45],
		[76, "C4_2", 434.49, -1345.51, "T", "SMD", "OSC2", "", "R", 31.5, 35.43, 0, 45],
		[77, "C5_1", 295.51, -1484.49, "T", "SMD", "OSC1", "", "R", 31.5, 35.43, 0, 45],
		[78, "C5_2", 334.49, -1445.51, "T", "SMD", "GND", "GND", "R", 31.5, 35.43, 0, 45],
		[79, "C6_1", 1450, -2237.56, "B", "SMD", "+5V", "", "R", 31.5, 35.43, 0, 90],
		[80, "C6_2", 1450, -2182.44, "B", "SMD", "GND", "GND", "R", 31.5, 35.43, 0, 90],
		[81, "C20_1", 54.74, -2425.02, "T", "SMD", "GND", "GND", "R", 31.5, 35.43, 0, 0],
		[82, "C20_2", 109.86, -2425.02, "T", "SMD", "CANOSC1", "", "R", 31.5, 35.43, 0, 0],
		[83, "C21_1", 52.44, -2130, "T", "SMD", "GND", "GND", "R", 31.5, 35.43, 0, 0],
		[84, "C21_2", 107.56, -2130, "T", "SMD", "CANOSC2", "", "R", 31.5, 35.43, 0, 0],
		[85, "C22_1", 691.25, -2535.82, "T", "SMD", "GND", "GND", "R", 31.5, 35.43, 0, 270],
		[86, "C22_2", 691.25, -2590.94, "T", "SMD", "BCAN", "", "R", 31.5, 35.43, 0, 270],
		[87, "C23_1", 1853.96, -2594.48, "T", "SMD", "12V", "", "R", 31.5, 35.43, 0, 180],
		[88, "C23_2", 1798.84, -2594.48, "T", "SMD", "GND", "GND", "R", 31.5, 35.43, 0, 180],
		[89, "C24_1", 1802.44, -2660, "T", "SMD", "GND", "GND", "R", 31.5, 35.43, 0, 0],
		[90, "C24_2", 1857.56, -2660, "T", "SMD", "12V", "", "R", 31.5, 35.43, 0, 0],
		[91, "C25_1", 1590, -2687.56, "T", "SMD", "GND", "GND", "R", 31.5, 35.43, 0, 90],
		[92, "C25_2", 1590, -2632.44, "T", "SMD", "+5V", "", "R", 31.5, 35.43, 0, 90],
		[93, "C26_1", 1710, -2687.56, "T", "SMD", "GND", "GND", "R", 31.5, 35.43, 0, 90],
		[94, "C26_2", 1710, -2632.44, "T", "SMD", "+5V", "", "R", 31.5, 35.43, 0, 90],
		[95, "C27_1", 1043.61, -2070, "B", "SMD", "+5V", "", "R", 69.19, 51.02, 0, 180],
		[96, "C27_2", 1176.39, -2070, "B", "SMD", "GND", "GND", "R", 69.19, 51.02, 0, 180],
		[97, "D2_1", 1935, -2199.49, "B", "SMD", "12V", "", "R", 70.87, 118.11, 0, 90],
		[98, "D2_2", 1935, -2010.51, "B", "SMD", "VCC", "", "R", 70.87, 118.11, 0, 90],
		[99, "DS1307Z_1", 1225.61, -685, "B", "SMD", "$1N14", "", "R", 24.8, 73.42, 0, 270],
		[100, "DS1307Z_2", 1225.61, -735, "B", "SMD", "$1N15", "", "R", 24.8, 73.42, 0, 270],
		[101, "DS1307Z_3", 1225.61, -785, "B", "SMD", "VBAT", "", "R", 24.8, 73.42, 0, 270],
		[102, "DS1307Z_4", 1225.61, -835, "B", "SMD", "GND", "GND", "R", 24.8, 73.42, 0, 270],
		[103, "DS1307Z_5", 1014.39, -835, "B", "SMD", "A4", "", "R", 24.8, 73.42, 0, 270],
		[104, "DS1307Z_6", 1014.39, -785, "B", "SMD", "A5", "", "R", 24.8, 73.42, 0, 270],
		[105, "DS1307Z_7", 1014.39, -735, "B", "SMD", "$1N13", "", "R", 24.8, 73.42, 0, 270],
		[106, "DS1307Z_8", 1014.39, -685, "B", "SMD", "+5V", "", "R", 24.8, 73.42, 0, 270],
		[107, "FPC1_1", 682.51, -2417.32, "B", "SMD", "+5V", "", "R", 23.62, 70.87, 0, 180],
		[108, "FPC1_2", 643.12, -2417.32, "B", "SMD", "RXD", "", "R", 23.62, 70.87, 0, 180],
		[109, "FPC1_3", 603.76, -2417.32, "B", "SMD", "D3", "", "R", 23.62, 70.87, 0, 180],
		[110, "FPC1_4", 564.43, -2417.32, "B", "SMD", "$1N12573", "", "R", 23.62, 70.87, 0, 180],
		[111, "FPC1_5", 525.01, -2417.32, "B", "SMD", "LIGHT-", "", "R", 23.62, 70.87, 0, 180],
		[112, "FPC1_6", 485.68, -2417.32, "B", "SMD", "FPC1_6", "", "R", 23.62, 70.87, 0, 180],
		[113, "FPC1_7", 446.32, -2417.32, "B", "SMD", "GND", "GND", "R", 23.62, 70.87, 0, 180],
		[114, "FPC1_8", 406.92, -2417.32, "B", "SMD", "FPC1_8", "", "R", 23.62, 70.87, 0, 180],
		[115, "FPC1_9", 367.51, -2417.32, "B", "SMD", "FPC1_9", "", "R", 23.62, 70.87, 0, 180],
		[116, "FPC1_10", 775.12, -2502.68, "B", "SMD", "FPC1_10", "", "R", 102.36, 118.11, 0, 180],
		[117, "FPC1_11", 274.89, -2502.68, "B", "SMD", "FPC1_11", "", "R", 102.36, 118.11, 0, 180],
		[118, "H1_1", 125, -280, "T", "DIP", "D13", "", "R", 62.99, 62.99, 41.34, 270],
		[119, "H1_1", 125, -280, "B", "DIP", "D13", "", "R", 62.99, 62.99, 41.34, 270],
		[120, "H1_2", 125, -380, "T", "DIP", "3V3", "", "C", 62.99, 62.99, 41.34, 270],
		[121, "H1_2", 125, -380, "B", "DIP", "3V3", "", "C", 62.99, 62.99, 41.34, 270],
		[122, "H1_3", 125, -480, "T", "DIP", "AREF", "", "C", 62.99, 62.99, 41.34, 270],
		[123, "H1_3", 125, -480, "B", "DIP", "AREF", "", "C", 62.99, 62.99, 41.34, 270],
		[124, "H1_4", 125, -580, "T", "DIP", "A0", "", "C", 62.99, 62.99, 41.34, 270],
		[125, "H1_4", 125, -580, "B", "DIP", "A0", "", "C", 62.99, 62.99, 41.34, 270],
		[126, "H1_5", 125, -680, "T", "DIP", "A1", "", "C", 62.99, 62.99, 41.34, 270],
		[127, "H1_5", 125, -680, "B", "DIP", "A1", "", "C", 62.99, 62.99, 41.34, 270],
		[128, "H1_6", 125, -780, "T", "DIP", "A2", "", "C", 62.99, 62.99, 41.34, 270],
		[129, "H1_6", 125, -780, "B", "DIP", "A2", "", "C", 62.99, 62.99, 41.34, 270],
		[130, "H1_7", 125, -880, "T", "DIP", "A3", "", "C", 62.99, 62.99, 41.34, 270],
		[131, "H1_7", 125, -880, "B", "DIP", "A3", "", "C", 62.99, 62.99, 41.34, 270],
		[132, "H1_8", 125, -980, "T", "DIP", "A4", "", "C", 62.99, 62.99, 41.34, 270],
		[133, "H1_8", 125, -980, "B", "DIP", "A4", "", "C", 62.99, 62.99, 41.34, 270],
		[134, "H1_9", 125, -1080, "T", "DIP", "A5", "", "C", 62.99, 62.99, 41.34, 270],
		[135, "H1_9", 125, -1080, "B", "DIP", "A5", "", "C", 62.99, 62.99, 41.34, 270],
		[136, "H1_10", 125, -1180, "T", "DIP", "A6", "", "C", 62.99, 62.99, 41.34, 270],
		[137, "H1_10", 125, -1180, "B", "DIP", "A6", "", "C", 62.99, 62.99, 41.34, 270],
		[138, "H1_11", 125, -1280, "T", "DIP", "A7", "", "C", 62.99, 62.99, 41.34, 270],
		[139, "H1_11", 125, -1280, "B", "DIP", "A7", "", "C", 62.99, 62.99, 41.34, 270],
		[140, "H1_12", 125, -1380, "T", "DIP", "+5V", "", "C", 62.99, 62.99, 41.34, 270],
		[141, "H1_12", 125, -1380, "B", "DIP", "+5V", "", "C", 62.99, 62.99, 41.34, 270],
		[142, "H1_13", 125, -1480, "T", "DIP", "RST", "", "C", 62.99, 62.99, 41.34, 270],
		[143, "H1_13", 125, -1480, "B", "DIP", "RST", "", "C", 62.99, 62.99, 41.34, 270],
		[144, "H1_14", 125, -1580, "T", "DIP", "GND", "GND", "C", 62.99, 62.99, 41.34, 270],
		[145, "H1_14", 125, -1580, "B", "DIP", "GND", "GND", "C", 62.99, 62.99, 41.34, 270],
		[146, "H1_15", 125, -1680, "T", "DIP", "VIN", "", "C", 62.99, 62.99, 41.34, 270],
		[147, "H1_15", 125, -1680, "B", "DIP", "VIN", "", "C", 62.99, 62.99, 41.34, 270],
		[148, "H2_1", 720, -280, "T", "DIP", "D12", "", "R", 62.99, 62.99, 41.34, 270],
		[149, "H2_1", 720, -280, "B", "DIP", "D12", "", "R", 62.99, 62.99, 41.34, 270],
		[150, "H2_2", 720, -380, "T", "DIP", "D11", "", "C", 62.99, 62.99, 41.34, 270],
		[151, "H2_2", 720, -380, "B", "DIP", "D11", "", "C", 62.99, 62.99, 41.34, 270],
		[152, "H2_3", 720, -480, "T", "DIP", "D10", "", "C", 62.99, 62.99, 41.34, 270],
		[153, "H2_3", 720, -480, "B", "DIP", "D10", "", "C", 62.99, 62.99, 41.34, 270],
		[154, "H2_4", 720, -580, "T", "DIP", "D9", "", "C", 62.99, 62.99, 41.34, 270],
		[155, "H2_4", 720, -580, "B", "DIP", "D9", "", "C", 62.99, 62.99, 41.34, 270],
		[156, "H2_5", 720, -680, "T", "DIP", "D8", "", "C", 62.99, 62.99, 41.34, 270],
		[157, "H2_5", 720, -680, "B", "DIP", "D8", "", "C", 62.99, 62.99, 41.34, 270],
		[158, "H2_6", 720, -780, "T", "DIP", "D7", "", "C", 62.99, 62.99, 41.34, 270],
		[159, "H2_6", 720, -780, "B", "DIP", "D7", "", "C", 62.99, 62.99, 41.34, 270],
		[160, "H2_7", 720, -880, "T", "DIP", "D6", "", "C", 62.99, 62.99, 41.34, 270],
		[161, "H2_7", 720, -880, "B", "DIP", "D6", "", "C", 62.99, 62.99, 41.34, 270],
		[162, "H2_8", 720, -980, "T", "DIP", "D5", "", "C", 62.99, 62.99, 41.34, 270],
		[163, "H2_8", 720, -980, "B", "DIP", "D5", "", "C", 62.99, 62.99, 41.34, 270],
		[164, "H2_9", 720, -1080, "T", "DIP", "D4", "", "C", 62.99, 62.99, 41.34, 270],
		[165, "H2_9", 720, -1080, "B", "DIP", "D4", "", "C", 62.99, 62.99, 41.34, 270],
		[166, "H2_10", 720, -1180, "T", "DIP", "D3", "", "C", 62.99, 62.99, 41.34, 270],
		[167, "H2_10", 720, -1180, "B", "DIP", "D3", "", "C", 62.99, 62.99, 41.34, 270],
		[168, "H2_11", 720, -1280, "T", "DIP", "D2", "", "C", 62.99, 62.99, 41.34, 270],
		[169, "H2_11", 720, -1280, "B", "DIP", "D2", "", "C", 62.99, 62.99, 41.34, 270],
		[170, "H2_12", 720, -1380, "T", "DIP", "GND", "GND", "C", 62.99, 62.99, 41.34, 270],
		[171, "H2_12", 720, -1380, "B", "DIP", "GND", "GND", "C", 62.99, 62.99, 41.34, 270],
		[172, "H2_13", 720, -1480, "T", "DIP", "RST", "", "C", 62.99, 62.99, 41.34, 270],
		[173, "H2_13", 720, -1480, "B", "DIP", "RST", "", "C", 62.99, 62.99, 41.34, 270],
		[174, "H2_14", 720, -1580, "T", "DIP", "RXD", "", "C", 62.99, 62.99, 41.34, 270],
		[175, "H2_14", 720, -1580, "B", "DIP", "RXD", "", "C", 62.99, 62.99, 41.34, 270],
		[176, "H2_15", 720, -1680, "T", "DIP", "TXD", "", "C", 62.99, 62.99, 41.34, 270],
		[177, "H2_15", 720, -1680, "B", "DIP", "TXD", "", "C", 62.99, 62.99, 41.34, 270],
		[178, "INPUT_1", 1635, -1547.11, "T", "DIP", "VCC", "", "R", 78.74, 59.05, 41.34, 180],
		[179, "INPUT_1", 1635, -1547.11, "B", "DIP", "VCC", "", "R", 78.74, 59.05, 41.34, 180],
		[180, "INPUT_2", 1635, -1645.53, "T", "DIP", "LIGHT+", "", "O", 78.74, 59.05, 41.34, 180],
		[181, "INPUT_2", 1635, -1645.53, "B", "DIP", "LIGHT+", "", "O", 78.74, 59.05, 41.34, 180],
		[182, "INPUT_3", 1635, -1743.96, "T", "DIP", "LIGHT-", "", "O", 78.74, 59.05, 41.34, 180],
		[183, "INPUT_3", 1635, -1743.96, "B", "DIP", "LIGHT-", "", "O", 78.74, 59.05, 41.34, 180],
		[184, "INPUT_4", 1635, -1842.38, "T", "DIP", "ILL", "", "O", 78.74, 59.05, 41.34, 180],
		[185, "INPUT_4", 1635, -1842.38, "B", "DIP", "ILL", "", "O", 78.74, 59.05, 41.34, 180],
		[186, "INPUT_5", 1635, -1940.8, "T", "DIP", "D9", "", "O", 78.74, 59.05, 41.34, 180],
		[187, "INPUT_5", 1635, -1940.8, "B", "DIP", "D9", "", "O", 78.74, 59.05, 41.34, 180],
		[188, "INPUT_6", 1635, -2039.22, "T", "DIP", "D8", "", "O", 78.74, 59.05, 41.34, 180],
		[189, "INPUT_6", 1635, -2039.22, "B", "DIP", "D8", "", "O", 78.74, 59.05, 41.34, 180],
		[190, "INPUT_7", 1635, -2137.64, "T", "DIP", "VBAT", "", "O", 78.74, 59.05, 41.34, 180],
		[191, "INPUT_7", 1635, -2137.64, "B", "DIP", "VBAT", "", "O", 78.74, 59.05, 41.34, 180],
		[192, "INPUT_8", 1635, -2236.06, "T", "DIP", "+5V", "", "O", 78.74, 59.05, 41.34, 180],
		[193, "INPUT_8", 1635, -2236.06, "B", "DIP", "+5V", "", "O", 78.74, 59.05, 41.34, 180],
		[194, "INPUT_9", 1635, -2334.48, "T", "DIP", "BCAN", "", "O", 78.74, 59.05, 41.34, 180],
		[195, "INPUT_9", 1635, -2334.48, "B", "DIP", "BCAN", "", "O", 78.74, 59.05, 41.34, 180],
		[196, "INPUT_10", 1635, -2432.9, "T", "DIP", "GND", "GND", "O", 78.74, 59.05, 41.34, 180],
		[197, "INPUT_10", 1635, -2432.9, "B", "DIP", "GND", "GND", "O", 78.74, 59.05, 41.34, 180],
		[198, "L1_1", 1432.59, -2627.41, "T", "SMD", "$1N10623", "", "R", 58.03, 87.4, 0, 225],
		[199, "L1_2", 1527.41, -2532.59, "T", "SMD", "BCAN", "", "R", 58.03, 87.4, 0, 225],
		[200, "MC14066_1", 625, -2049.02, "B", "SMD", "TXD", "", "O", 22.6, 80.24, 0, 180],
		[201, "MC14066_2", 575, -2049.02, "B", "SMD", "RXD", "", "O", 22.6, 80.24, 0, 180],
		[202, "MC14066_3", 525, -2049.02, "B", "SMD", "MC14066_3", "", "O", 22.6, 80.24, 0, 180],
		[203, "MC14066_4", 475, -2049.02, "B", "SMD", "MC14066_4", "", "O", 22.6, 80.24, 0, 180],
		[204, "MC14066_5", 425, -2049.02, "B", "SMD", "MC14066_5", "", "O", 22.6, 80.24, 0, 180],
		[205, "MC14066_6", 375, -2049.02, "B", "SMD", "MC14066_6", "", "O", 22.6, 80.24, 0, 180],
		[206, "MC14066_7", 325, -2049.02, "B", "SMD", "GND", "GND", "O", 22.6, 80.24, 0, 180],
		[207, "MC14066_8", 325, -1830.98, "B", "SMD", "MC14066_8", "", "O", 22.6, 80.24, 0, 180],
		[208, "MC14066_9", 375, -1830.98, "B", "SMD", "MC14066_9", "", "O", 22.6, 80.24, 0, 180],
		[209, "MC14066_10", 425, -1830.98, "B", "SMD", "MC14066_10", "", "O", 22.6, 80.24, 0, 180],
		[210, "MC14066_11", 475, -1830.98, "B", "SMD", "MC14066_11", "", "O", 22.6, 80.24, 0, 180],
		[211, "MC14066_12", 525, -1830.98, "B", "SMD", "MC14066_12", "", "O", 22.6, 80.24, 0, 180],
		[212, "MC14066_13", 575, -1830.98, "B", "SMD", "D5", "", "O", 22.6, 80.24, 0, 180],
		[213, "MC14066_14", 625, -1830.98, "B", "SMD", "+5V", "", "O", 22.6, 80.24, 0, 180],
		[214, "MCP2515_1", 179.82, -1865, "T", "SMD", "TXCAN", "", "O", 24.8, 63.58, 0, 270],
		[215, "MCP2515_2", 179.82, -1915, "T", "SMD", "RXCAN", "", "O", 24.8, 63.58, 0, 270],
		[216, "MCP2515_3", 179.82, -1965, "T", "SMD", "MCP2515_3", "", "O", 24.8, 63.58, 0, 270],
		[217, "MCP2515_4", 179.82, -2015, "T", "SMD", "MCP2515_4", "", "O", 24.8, 63.58, 0, 270],
		[218, "MCP2515_5", 179.82, -2065, "T", "SMD", "MCP2515_5", "", "O", 24.8, 63.58, 0, 270],
		[219, "MCP2515_6", 179.82, -2115, "T", "SMD", "MCP2515_6", "", "O", 24.8, 63.58, 0, 270],
		[220, "MCP2515_7", 179.82, -2165, "T", "SMD", "CANOSC2", "", "O", 24.8, 63.58, 0, 270],
		[221, "MCP2515_8", 179.82, -2215, "T", "SMD", "CANOSC1", "", "O", 24.8, 63.58, 0, 270],
		[222, "MCP2515_9", 179.82, -2265, "T", "SMD", "GND", "GND", "O", 24.8, 63.58, 0, 270],
		[223, "MCP2515_10", 570.18, -2265, "T", "SMD", "MCP2515_10", "", "O", 24.8, 63.58, 0, 270],
		[224, "MCP2515_11", 570.18, -2215, "T", "SMD", "MCP2515_11", "", "O", 24.8, 63.58, 0, 270],
		[225, "MCP2515_12", 570.18, -2165, "T", "SMD", "MCP2515_12", "", "O", 24.8, 63.58, 0, 270],
		[226, "MCP2515_13", 570.18, -2115, "T", "SMD", "D13", "", "O", 24.8, 63.58, 0, 270],
		[227, "MCP2515_14", 570.18, -2065, "T", "SMD", "D11", "", "O", 24.8, 63.58, 0, 270],
		[228, "MCP2515_15", 570.18, -2015, "T", "SMD", "D12", "", "O", 24.8, 63.58, 0, 270],
		[229, "MCP2515_16", 570.18, -1965, "T", "SMD", "D10", "", "O", 24.8, 63.58, 0, 270],
		[230, "MCP2515_17", 570.18, -1915, "T", "SMD", "$1N10677", "", "O", 24.8, 63.58, 0, 270],
		[231, "MCP2515_18", 570.18, -1865, "T", "SMD", "+5V", "", "O", 24.8, 63.58, 0, 270],
		[232, "R2_1", 856.48, -928.36, "B", "SMD", "+5V", "", "R", 44.59, 54.21, 0, 90],
		[233, "R2_2", 856.48, -849.62, "B", "SMD", "A4", "", "R", 44.59, 54.21, 0, 90],
		[234, "R3_1", 1445, -1054.37, "B", "SMD", "+5V", "", "R", 44.59, 54.21, 0, 90],
		[235, "R3_2", 1445, -975.63, "B", "SMD", "A5", "", "R", 44.59, 54.21, 0, 90],
		[236, "R4_1", 1445, -879.37, "B", "SMD", "GND", "GND", "R", 44.59, 54.21, 0, 90],
		[237, "R4_2", 1445, -800.63, "B", "SMD", "VBAT", "", "R", 44.59, 54.21, 0, 90],
		[238, "R6_1", 1154.37, -950, "B", "SMD", "VBAT", "", "R", 44.59, 54.21, 0, 180],
		[239, "R6_2", 1075.63, -950, "B", "SMD", "$1N17", "", "R", 44.59, 54.21, 0, 180],
		[240, "R8_1", 860, -675.63, "B", "SMD", "+5V", "", "R", 44.59, 54.21, 0, 270],
		[241, "R8_2", 860, -754.37, "B", "SMD", "$1N13", "", "R", 44.59, 54.21, 0, 270],
		[242, "R20_1", 523.86, -2672.52, "T", "SMD", "$1N10617", "", "R", 44.59, 54.21, 0, 0],
		[243, "R20_2", 602.6, -2672.52, "T", "SMD", "$1N10623", "", "R", 44.59, 54.21, 0, 0],
		[244, "R21_1", 105, -1775.63, "B", "SMD", "+5V", "", "R", 44.59, 54.21, 0, 270],
		[245, "R21_2", 105, -1854.37, "B", "SMD", "RXCAN", "", "R", 44.59, 54.21, 0, 270],
		[246, "R23_1", 874.68, -2071.43, "B", "SMD", "$1N10677", "", "R", 44.59, 54.21, 0, 0],
		[247, "R23_2", 953.42, -2071.43, "B", "SMD", "+5V", "", "R", 44.59, 54.21, 0, 0],
		[248, "R24_1", 1513.09, -1366.59, "B", "SMD", "$1N12535", "", "R", 44.59, 54.21, 0, 270],
		[249, "R24_2", 1513.09, -1445.33, "B", "SMD", "LIGHT+", "", "R", 44.59, 54.21, 0, 270],
		[250, "R25_1", 600.63, -2280, "B", "SMD", "$1N12573", "", "R", 44.59, 54.21, 0, 0],
		[251, "R25_2", 679.37, -2280, "B", "SMD", "ILL", "", "R", 44.59, 54.21, 0, 0],
		[252, "R26_1", 1510, -1190.63, "B", "SMD", "GND", "GND", "R", 44.59, 54.21, 0, 270],
		[253, "R26_2", 1510, -1269.37, "B", "SMD", "$1N12535", "", "R", 44.59, 54.21, 0, 270],
		[254, "R27_1", 430.63, -2280, "B", "SMD", "GND", "GND", "R", 44.59, 54.21, 0, 0],
		[255, "R27_2", 509.37, -2280, "B", "SMD", "$1N12573", "", "R", 44.59, 54.21, 0, 0],
		[256, "SUBDISPLAY_1", 1625, -317.11, "T", "DIP", "GND", "GND", "R", 78.74, 59.05, 41.34, 180],
		[257, "SUBDISPLAY_1", 1625, -317.11, "B", "DIP", "GND", "GND", "R", 78.74, 59.05, 41.34, 180],
		[258, "SUBDISPLAY_2", 1625, -415.53, "T", "DIP", "+5V", "", "O", 78.74, 59.05, 41.34, 180],
		[259, "SUBDISPLAY_2", 1625, -415.53, "B", "DIP", "+5V", "", "O", 78.74, 59.05, 41.34, 180],
		[260, "SUBDISPLAY_3", 1625, -513.96, "T", "DIP", "D2", "", "O", 78.74, 59.05, 41.34, 180],
		[261, "SUBDISPLAY_3", 1625, -513.96, "B", "DIP", "D2", "", "O", 78.74, 59.05, 41.34, 180],
		[262, "SUBDISPLAY_4", 1625, -612.38, "T", "DIP", "SUBDISPLAY_4", "", "O", 78.74, 59.05, 41.34, 180],
		[263, "SUBDISPLAY_4", 1625, -612.38, "B", "DIP", "SUBDISPLAY_4", "", "O", 78.74, 59.05, 41.34, 180],
		[264, "SUBDISPLAY_5", 1625, -710.8, "T", "DIP", "D13", "", "O", 78.74, 59.05, 41.34, 180],
		[265, "SUBDISPLAY_5", 1625, -710.8, "B", "DIP", "D13", "", "O", 78.74, 59.05, 41.34, 180],
		[266, "SUBDISPLAY_6", 1625, -809.22, "T", "DIP", "D11", "", "O", 78.74, 59.05, 41.34, 180],
		[267, "SUBDISPLAY_6", 1625, -809.22, "B", "DIP", "D11", "", "O", 78.74, 59.05, 41.34, 180],
		[268, "SUBDISPLAY_7", 1625, -907.64, "T", "DIP", "D4", "", "O", 78.74, 59.05, 41.34, 180],
		[269, "SUBDISPLAY_7", 1625, -907.64, "B", "DIP", "D4", "", "O", 78.74, 59.05, 41.34, 180],
		[270, "SUBDISPLAY_8", 1625, -1006.06, "T", "DIP", "GND", "GND", "O", 78.74, 59.05, 41.34, 180],
		[271, "SUBDISPLAY_8", 1625, -1006.06, "B", "DIP", "GND", "GND", "O", 78.74, 59.05, 41.34, 180],
		[272, "SUBDISPLAY_9", 1625, -1104.48, "T", "DIP", "LIGHT-", "", "O", 78.74, 59.05, 41.34, 180],
		[273, "SUBDISPLAY_9", 1625, -1104.48, "B", "DIP", "LIGHT-", "", "O", 78.74, 59.05, 41.34, 180],
		[274, "SUBDISPLAY_10", 1625, -1202.9, "T", "DIP", "$1N12535", "", "O", 78.74, 59.05, 41.34, 180],
		[275, "SUBDISPLAY_10", 1625, -1202.9, "B", "DIP", "$1N12535", "", "O", 78.74, 59.05, 41.34, 180]
	]
}
}